id;performance_id;user_id;created_at
23d2e82d-5201-4003-bbf4-c052f24ca403;744466e8-f3fd-487f-a4a8-f3658532369b;3003cda1-2999-419b-a7e8-94a63e307e51;2026-02-23 10:03:13.65983+00
25dd4f41-15e8-4efb-87f6-1f67f3238911;fed3e622-f8e6-4273-bdd0-58b9e159a9e1;3003cda1-2999-419b-a7e8-94a63e307e51;2026-02-23 10:03:21.818327+00
a76fdca1-5022-425f-8f76-ff20874f8f6e;462dd225-647e-4958-bce5-569f152dc4fe;3003cda1-2999-419b-a7e8-94a63e307e51;2026-02-23 10:03:28.861004+00
1a3bc1ee-ca05-4335-a7c1-8549624874a6;744466e8-f3fd-487f-a4a8-f3658532369b;139190ce-4418-445f-97a7-74b2ab5f522b;2026-02-27 13:06:29.99646+00
59df1624-fd6f-4371-a2aa-d20e396c6270;fed3e622-f8e6-4273-bdd0-58b9e159a9e1;139190ce-4418-445f-97a7-74b2ab5f522b;2026-02-27 13:06:34.077373+00
01278a54-c987-4200-9d50-dc675fb89d8e;462dd225-647e-4958-bce5-569f152dc4fe;139190ce-4418-445f-97a7-74b2ab5f522b;2026-02-27 13:06:39.838969+00
fd80ba12-d78d-42f4-ad3f-92e28555708a;744466e8-f3fd-487f-a4a8-f3658532369b;077811a1-6d9c-49ed-b755-9e5af8fd6c78;2026-02-27 16:55:03.785579+00
4f04b2f3-1e76-48c5-aab7-01778376f1f9;744466e8-f3fd-487f-a4a8-f3658532369b;7b69e370-30d2-4c5e-b15f-d218c6fe58c4;2026-02-27 16:56:34.219873+00
bfbb1314-c037-44ea-a9b9-c49dd3655bc3;fed3e622-f8e6-4273-bdd0-58b9e159a9e1;771381cc-525e-43c4-86de-1bacd1a6f921;2026-02-27 17:02:12.284853+00
7ef24492-3d6c-46b5-9342-76eef5a69661;744466e8-f3fd-487f-a4a8-f3658532369b;e0b8d233-006e-4a1d-94c7-6e42814c6159;2026-02-27 17:07:03.11409+00
c72e29cb-20e5-4eca-9e87-1cc169f8584a;744466e8-f3fd-487f-a4a8-f3658532369b;87162b78-d795-475d-96b7-f8cfde9edcb8;2026-02-27 18:24:15.21447+00
47cb2e44-3e7e-4da2-b470-b1c70ca95d78;fed3e622-f8e6-4273-bdd0-58b9e159a9e1;87162b78-d795-475d-96b7-f8cfde9edcb8;2026-02-27 18:24:17.472866+00
94448f80-61d3-4452-a823-7939698c725a;744466e8-f3fd-487f-a4a8-f3658532369b;80f7cd6d-8b38-491c-b07e-be44892d39c9;2026-02-27 19:29:21.494282+00
440268c4-3827-4075-92e5-cd76b56bb5c0;373f611f-97e3-40d4-aadd-b902e1747295;139190ce-4418-445f-97a7-74b2ab5f522b;2026-02-27 19:44:40.992305+00
f6e35c1e-162e-4186-b22c-a5b18d8c4da0;ed7c6def-e0f3-4d27-96ce-15cd05843088;2398d665-6ad8-4dcc-bacd-5e4a1105d663;2026-02-27 19:45:39.90463+00
31916a50-c623-42cc-ab6f-4e8dbb81d92a;744466e8-f3fd-487f-a4a8-f3658532369b;2398d665-6ad8-4dcc-bacd-5e4a1105d663;2026-02-27 19:45:45.018245+00
59bbbceb-baea-4a9f-bfff-3a37a5676875;744466e8-f3fd-487f-a4a8-f3658532369b;7ed0cae8-c23b-4395-832f-e37a27048333;2026-02-27 19:52:58.778376+00
47f5f673-327b-4f94-82e0-d91598a748a9;fed3e622-f8e6-4273-bdd0-58b9e159a9e1;7ed0cae8-c23b-4395-832f-e37a27048333;2026-02-27 19:53:02.08709+00
48d67e8f-1c58-45c2-aa12-1e743760420a;462dd225-647e-4958-bce5-569f152dc4fe;7ed0cae8-c23b-4395-832f-e37a27048333;2026-02-27 19:53:20.714617+00
d14c0f6f-05ff-43e0-a1a1-824f8a2b4365;76da8d82-f593-4fb5-9d06-0d0527140370;e0b8d233-006e-4a1d-94c7-6e42814c6159;2026-02-27 20:04:28.40467+00
fc8c12d2-2762-4407-b96b-8aeb483d6fa3;744466e8-f3fd-487f-a4a8-f3658532369b;c1c14515-38b6-4c60-9b5a-146ffc9e68ba;2026-02-27 20:07:39.134967+00
321867b6-a84d-46f5-845c-dff4b84ec959;462dd225-647e-4958-bce5-569f152dc4fe;c1c14515-38b6-4c60-9b5a-146ffc9e68ba;2026-02-27 20:08:55.518156+00
837ad1f1-9c69-4633-ac1a-de4bdd7a53a8;2e5d5f70-7ec7-482f-a185-716957e9df59;139190ce-4418-445f-97a7-74b2ab5f522b;2026-02-27 20:14:26.655467+00
9b0d14c6-3e65-4466-9d6e-cc990211948d;9144fd3f-db97-4f4b-8eed-e6658d033de9;139190ce-4418-445f-97a7-74b2ab5f522b;2026-02-27 20:14:28.558495+00
a477c42e-e557-4271-b0bf-8c7dff9d9ae6;30808aa9-2e99-4382-bc07-a2800d6e5228;139190ce-4418-445f-97a7-74b2ab5f522b;2026-02-27 20:14:36.708297+00
f1c84201-fe92-417b-990e-71a284c579c0;76da8d82-f593-4fb5-9d06-0d0527140370;139190ce-4418-445f-97a7-74b2ab5f522b;2026-02-27 20:14:42.46591+00
24ff06d8-5662-40ae-a336-a31f1fbad0aa;2119c4bf-1230-4e5a-a1ec-a6f6725ba9cb;139190ce-4418-445f-97a7-74b2ab5f522b;2026-02-27 20:14:46.202103+00
a1ef739d-81c2-4f53-b315-4ce099ac3728;3821b631-a6dc-4779-8c20-6341390f124d;139190ce-4418-445f-97a7-74b2ab5f522b;2026-02-27 20:14:48.41014+00
2e056bd4-f1ac-453d-a489-0cd0c18f3aad;83bf8aba-0574-4c11-a195-21c58175f377;139190ce-4418-445f-97a7-74b2ab5f522b;2026-02-27 20:14:51.079768+00
4b659c1d-876b-4052-a7c4-6a179079beb5;710aed21-0968-4ad6-9bbe-07ee27fe8803;139190ce-4418-445f-97a7-74b2ab5f522b;2026-02-27 20:14:53.019626+00
5449b996-0bac-4cea-b796-29c9863d46dc;2e5d5f70-7ec7-482f-a185-716957e9df59;7ed0cae8-c23b-4395-832f-e37a27048333;2026-02-27 20:15:06.347861+00
31bd6dc4-3264-451f-bec5-a63ed175ae7e;1c6d044f-8c65-4107-b65f-ed2c8dce28e3;e0b8d233-006e-4a1d-94c7-6e42814c6159;2026-02-27 20:17:21.239113+00
981b08bb-909a-4df4-bb3f-22190bd426b7;8ac22804-64a5-4897-bed4-aded76a6200a;80f7cd6d-8b38-491c-b07e-be44892d39c9;2026-02-27 20:17:36.202657+00
7d36504a-f73e-42c0-b26e-21ef174ed556;c024a42b-6e60-46b6-ae8a-764dd174444f;80f7cd6d-8b38-491c-b07e-be44892d39c9;2026-02-27 20:17:40.230069+00
a4ad8232-e044-4911-9cf7-d0433866ef3d;c9416e79-141b-4dc8-9b28-bcdab7e1a31e;80f7cd6d-8b38-491c-b07e-be44892d39c9;2026-02-27 20:17:46.995862+00
d2137224-aa3e-46fa-945f-5bdbf1d01c06;1c6d044f-8c65-4107-b65f-ed2c8dce28e3;80f7cd6d-8b38-491c-b07e-be44892d39c9;2026-02-27 20:18:05.520082+00
332802c6-3a83-49f2-b233-4478b5a6ae39;4005ecec-db8a-425d-ac95-81b376d85d54;9a57a60d-887e-4517-845a-7ef3a2906738;2026-02-27 20:26:48.52471+00
50f9b9ff-cfca-47c5-953b-48dbcb091cdf;a1760205-f46d-43e9-8496-d73bb4071151;139190ce-4418-445f-97a7-74b2ab5f522b;2026-02-27 20:27:53.766024+00
b1067a4e-a9db-45aa-b426-357e0d065776;4005ecec-db8a-425d-ac95-81b376d85d54;139190ce-4418-445f-97a7-74b2ab5f522b;2026-02-27 20:27:56.925814+00
c7b7a8a9-c15b-4ba9-b973-f13f79e11a6d;a921d567-a10b-4c64-8512-d5013c318947;139190ce-4418-445f-97a7-74b2ab5f522b;2026-02-27 20:27:59.393322+00
85ecc89b-fd8a-49e0-a273-31dec598bbaa;a1760205-f46d-43e9-8496-d73bb4071151;eeca5c60-ad9a-4532-a9dc-933e09ec0a08;2026-02-27 20:27:59.652119+00
53ccd3e1-e9ec-4318-95dd-8256995d7361;8ac22804-64a5-4897-bed4-aded76a6200a;139190ce-4418-445f-97a7-74b2ab5f522b;2026-02-27 20:28:01.448763+00
39c1c286-d698-4e48-b575-ed11d0fba0b9;4005ecec-db8a-425d-ac95-81b376d85d54;e0b8d233-006e-4a1d-94c7-6e42814c6159;2026-02-27 20:31:43.125359+00
b1b3224e-4a75-4bc0-874b-c8ea4f135d44;3f8aa479-8bed-4134-966e-84ab88535de9;e0b8d233-006e-4a1d-94c7-6e42814c6159;2026-02-27 20:32:29.955375+00
d2a4817b-bd15-4e6c-b537-5cb47d0ad0f6;7072c79b-2979-4a38-8b1e-96bd2387cdfa;87162b78-d795-475d-96b7-f8cfde9edcb8;2026-02-27 21:00:53.110641+00
94ce283a-600c-4481-80c8-3138f3f29c37;a1760205-f46d-43e9-8496-d73bb4071151;8f7dc1a4-546c-4172-8da7-67653a19d336;2026-02-27 21:35:02.943458+00
3d285d6e-800c-4dd7-8a13-4e2a3a6dcfc4;a6efbeae-4602-4374-b272-4e32fe798aa0;3003cda1-2999-419b-a7e8-94a63e307e51;2026-02-27 22:44:32.034808+00
a494af57-82e5-4df5-a832-7b3dfa470566;7b94de00-d91a-41ec-b4c5-52f5b886300a;b71c0d6b-3652-4291-ae97-88fd15493bb9;2026-02-28 16:40:09.021756+00
65b07af0-8a8a-4493-9683-979680d86bd0;7b94de00-d91a-41ec-b4c5-52f5b886300a;139190ce-4418-445f-97a7-74b2ab5f522b;2026-02-28 16:41:02.648326+00
8147728e-fc10-4e3c-ab3c-5514e7540818;7b94de00-d91a-41ec-b4c5-52f5b886300a;95e228db-c040-45ea-8d39-61f6753ba6ae;2026-02-28 16:45:07.339113+00
1c18ddcf-ac13-4d18-ab6f-fd64f51e8bb3;a2739e2c-c143-41f7-9d61-8b10c0a7d90e;95e228db-c040-45ea-8d39-61f6753ba6ae;2026-02-28 16:54:19.587772+00
f7b042ea-0dfa-4588-85be-fc08c8d0b27f;f7d9f4a5-dffa-4005-845a-216cfb765081;b71c0d6b-3652-4291-ae97-88fd15493bb9;2026-02-28 17:03:28.626851+00
f1e928ac-bab8-4bea-b47d-ce151085a2c4;ae880997-9d65-470d-b875-e370fa8ac5ed;b71c0d6b-3652-4291-ae97-88fd15493bb9;2026-02-28 20:09:52.760863+00
5d3d9613-6dd8-4ed4-b449-59e298da1b62;bd1aee3f-cb60-46b1-a1c1-8a22097d2281;3003cda1-2999-419b-a7e8-94a63e307e51;2026-02-28 21:40:04.146253+00
63758586-3107-4928-ad4c-b5042232e0f9;31b4a0b9-187a-44fb-b9d2-698e0a4f056e;3003cda1-2999-419b-a7e8-94a63e307e51;2026-02-28 21:40:05.954338+00
5bcb0f19-0202-4057-9652-c7818100b474;ae880997-9d65-470d-b875-e370fa8ac5ed;3003cda1-2999-419b-a7e8-94a63e307e51;2026-02-28 21:40:07.976391+00
49dac359-259a-4f3e-b0f5-02dcb4b4ad79;b8e52c4c-9b7a-466a-a991-09082d5dfcf1;3003cda1-2999-419b-a7e8-94a63e307e51;2026-02-28 21:40:09.972284+00
d9ba3c69-8a61-4177-9d4a-35f5bbc81a3d;cbbd6825-7373-43c4-bef2-a9be3fece06c;3003cda1-2999-419b-a7e8-94a63e307e51;2026-02-28 21:40:16.142608+00
7131df4a-11cc-4a7f-ae53-af63b7943948;f7d9f4a5-dffa-4005-845a-216cfb765081;3003cda1-2999-419b-a7e8-94a63e307e51;2026-02-28 21:40:21.492934+00
ef6b7fde-3fc9-40a2-92ef-993be52b0bd5;a2739e2c-c143-41f7-9d61-8b10c0a7d90e;3003cda1-2999-419b-a7e8-94a63e307e51;2026-02-28 21:40:24.289944+00
4cc3bfb1-0abc-4bfd-9584-2911890ed6e6;51c595d1-4e45-4e69-a78e-4315b2d7654b;3003cda1-2999-419b-a7e8-94a63e307e51;2026-02-28 21:40:26.331867+00
a8d979b7-6491-4656-a35a-a5f9f76efc8c;59d8fdea-e687-44ef-8bbd-a90275891b98;2398d665-6ad8-4dcc-bacd-5e4a1105d663;2026-02-28 21:52:25.201342+00
c06ae7ba-5e8a-47c3-a4a5-cb06c2524435;38869e6e-18bd-4d65-8f72-522ae82c7813;3003cda1-2999-419b-a7e8-94a63e307e51;2026-02-28 22:33:11.655357+00
d9709814-c73c-4c59-aeb2-7adee518a933;dc269896-7029-4189-9622-339e8e3494e9;3003cda1-2999-419b-a7e8-94a63e307e51;2026-02-28 22:33:21.319648+00
4496b76d-e746-4b6d-b736-72a5f5ed9999;59d8fdea-e687-44ef-8bbd-a90275891b98;3003cda1-2999-419b-a7e8-94a63e307e51;2026-02-28 22:33:41.089638+00
1d376d89-6164-44cf-b10a-17238797f255;aa46481c-4d17-4340-9e32-ce7ca5fd7254;3003cda1-2999-419b-a7e8-94a63e307e51;2026-02-28 22:33:44.657644+00
9955e4b6-8570-4032-8dd5-749a9473396a;2e9431ac-7af2-4db4-8fd0-80b818ca8f7e;3003cda1-2999-419b-a7e8-94a63e307e51;2026-02-28 22:33:51.549669+00
32fe559d-e334-489d-9b14-d0c739866f9f;253967d9-9b0a-4542-9911-2893c5259c56;3003cda1-2999-419b-a7e8-94a63e307e51;2026-02-28 22:33:57.08657+00
4c697307-fb2f-4543-8648-88b34eefbfc0;38869e6e-18bd-4d65-8f72-522ae82c7813;d7968ff9-7ed5-43c1-b870-436576d619ba;2026-03-02 09:10:05.859206+00
6279f1e3-c9ae-4243-ab5f-1c8433d12612;38869e6e-18bd-4d65-8f72-522ae82c7813;b71c0d6b-3652-4291-ae97-88fd15493bb9;2026-03-03 13:34:44.871421+00
85bc4d65-ba22-4f7f-813a-cb27967f0ead;dc269896-7029-4189-9622-339e8e3494e9;b71c0d6b-3652-4291-ae97-88fd15493bb9;2026-03-03 13:51:23.623297+00
56aa8434-d0c1-4d42-96d6-4ee18827cdac;b8e52c4c-9b7a-466a-a991-09082d5dfcf1;b71c0d6b-3652-4291-ae97-88fd15493bb9;2026-03-03 13:52:09.268804+00
515d8b0d-c55c-4061-890f-8ad0d45b2cbe;cbbd6825-7373-43c4-bef2-a9be3fece06c;b71c0d6b-3652-4291-ae97-88fd15493bb9;2026-03-03 13:52:12.009029+00
99f05b0f-f607-48e1-9753-d157ff4e6ff0;054c253a-b374-42c8-a9de-194f812da508;3003cda1-2999-419b-a7e8-94a63e307e51;2026-03-04 21:31:50.722899+00
f1846307-1a3c-44e7-984b-6338ad134b7c;36770a23-5122-4140-82a2-140dec63b544;6b699968-ab0a-4233-84a0-ae0ea4d74475;2026-03-05 09:15:13.420373+00
fc03606b-2662-425d-a4ba-02028a53eb51;a2739e2c-c143-41f7-9d61-8b10c0a7d90e;d12fb1e0-8197-439c-8efd-b673d36f6110;2026-03-05 10:09:19.336955+00
7da8f65e-1c38-4f76-aaa9-50342801affe;dc269896-7029-4189-9622-339e8e3494e9;08bdf4bb-fe57-49f3-93ce-afae5bc8801b;2026-03-05 10:22:06.203574+00
65a9921f-04ce-475c-b70a-356b9bad285f;aa46481c-4d17-4340-9e32-ce7ca5fd7254;cc14ff3d-2af1-4fad-ba60-198368295a41;2026-03-05 10:53:24.063539+00
f197f815-5415-464a-b06f-becc5b659502;2e9431ac-7af2-4db4-8fd0-80b818ca8f7e;cc14ff3d-2af1-4fad-ba60-198368295a41;2026-03-05 10:53:27.720447+00
1591e9c3-275f-48e2-ad04-6c1bd9a3af09;f7d9f4a5-dffa-4005-845a-216cfb765081;cc14ff3d-2af1-4fad-ba60-198368295a41;2026-03-05 10:54:00.802147+00
54eafa30-fb5b-4c41-88f9-29ac8a6b2328;dc269896-7029-4189-9622-339e8e3494e9;e72a484a-1ee6-4aed-b4ea-7f1168074464;2026-03-05 11:32:37.503149+00
f8ec2a04-f3d6-4ed2-9f63-ca284c62a419;59d8fdea-e687-44ef-8bbd-a90275891b98;e72a484a-1ee6-4aed-b4ea-7f1168074464;2026-03-05 11:32:52.783439+00
59f2a8fd-5509-4125-8b05-01b1b00bc30b;38869e6e-18bd-4d65-8f72-522ae82c7813;c97185d5-7ab4-4372-9334-0c7b8585a33a;2026-03-05 12:41:57.549978+00
98359169-727d-4532-b1e5-c596b3027f8f;59d8fdea-e687-44ef-8bbd-a90275891b98;c97185d5-7ab4-4372-9334-0c7b8585a33a;2026-03-05 12:42:26.69159+00
d1cb8db5-5375-4495-aaf7-9f4cda6540c2;aa46481c-4d17-4340-9e32-ce7ca5fd7254;c97185d5-7ab4-4372-9334-0c7b8585a33a;2026-03-05 12:42:29.004898+00
5651b9c2-072c-488a-897a-076cbd9cb229;38869e6e-18bd-4d65-8f72-522ae82c7813;dd32f668-bbe9-41cb-81ee-f45ef51d090b;2026-03-05 14:11:46.641599+00
8da65a3d-73d5-4720-b31e-bdf7804594b8;dc269896-7029-4189-9622-339e8e3494e9;dd32f668-bbe9-41cb-81ee-f45ef51d090b;2026-03-05 14:11:49.84058+00
7fd5c703-75ae-45ec-9ae1-fbdedacba4cb;aa46481c-4d17-4340-9e32-ce7ca5fd7254;dd32f668-bbe9-41cb-81ee-f45ef51d090b;2026-03-05 14:12:20.208536+00
30145394-9d6e-4361-94d5-023163450633;38869e6e-18bd-4d65-8f72-522ae82c7813;598cb0c6-11e5-448d-9c3d-59422d0263fe;2026-03-05 15:17:16.881776+00
1dd3c8c8-7966-4ad4-9b82-22f90a24fb17;253967d9-9b0a-4542-9911-2893c5259c56;80322cb4-2d50-4045-b0b3-a56ddb710fa4;2026-03-05 16:32:11.070076+00
a9b95536-b31c-43a3-b16d-0a0c04ce8c75;2e9431ac-7af2-4db4-8fd0-80b818ca8f7e;b5dc247f-6394-400b-b8b7-8af4cdcf305e;2026-03-05 17:14:04.105183+00
f03299f3-1933-4c5a-8558-a1a30b4dd268;38869e6e-18bd-4d65-8f72-522ae82c7813;d8900c43-bf27-4310-b12e-8b8d86fc86e8;2026-03-05 18:17:51.199058+00
273306b4-7eef-4b05-b8eb-aef2d0586576;ae880997-9d65-470d-b875-e370fa8ac5ed;c97185d5-7ab4-4372-9334-0c7b8585a33a;2026-03-05 20:45:59.783705+00
508cd31b-7181-4937-9f81-5639064dab71;a9d03259-992f-4111-9877-8cd577b3e13f;c97185d5-7ab4-4372-9334-0c7b8585a33a;2026-03-05 20:46:46.781349+00
0b22283a-3282-4b18-99ad-cea2d107418d;054c253a-b374-42c8-a9de-194f812da508;c97185d5-7ab4-4372-9334-0c7b8585a33a;2026-03-05 20:47:53.596166+00
843f9e3f-ab44-4d75-80aa-92b010369ac9;59d8fdea-e687-44ef-8bbd-a90275891b98;8286596e-ad66-4dee-9dc6-39e66a585406;2026-03-06 09:37:41.879047+00
48c030aa-af7d-43c6-92e5-4bca6a33f0d1;054c253a-b374-42c8-a9de-194f812da508;e19517fa-ec4c-4c61-893a-4f6197d8324a;2026-03-06 11:00:41.711413+00
a2d6919d-cb7a-419f-a71c-dee3e5d2632f;6f7ff35f-b0f9-4ec4-b281-1bcd05085223;35a18ac5-345d-4d98-8c23-21fc606512e6;2026-03-06 13:13:46.607037+00
ec6d2a91-96f9-400e-a20c-3fcbbe091e2f;054c253a-b374-42c8-a9de-194f812da508;1d47c7aa-c1cc-4825-8132-169a0997ec4b;2026-03-06 13:40:24.8532+00
dbed036b-111a-492a-a1b6-be9b69e5963e;6f7ff35f-b0f9-4ec4-b281-1bcd05085223;762ec8b8-ab6a-4da9-9221-602ec8f65dd9;2026-03-06 13:53:57.739743+00
1b4547b5-f5e0-436f-833c-da6736fcac4e;054c253a-b374-42c8-a9de-194f812da508;4d4d9cfc-8b65-4c0c-9e43-ecb89e1616fe;2026-03-06 16:57:16.730579+00
18005957-32b6-48ed-8bcd-5ed8554c8050;95f9c495-364b-4a83-8d1d-0b3fb4b1c1f7;3003cda1-2999-419b-a7e8-94a63e307e51;2026-03-06 21:23:20.599158+00
238b5f71-d952-4d55-949e-402c9facfa6f;2d3dc149-f377-4fe3-b12d-693e83bfd166;3003cda1-2999-419b-a7e8-94a63e307e51;2026-03-06 21:23:25.75385+00
6ae5e77a-962b-4c42-88ef-e73126825dcc;6f7ff35f-b0f9-4ec4-b281-1bcd05085223;3003cda1-2999-419b-a7e8-94a63e307e51;2026-03-06 21:23:32.164298+00
b57032ae-5236-4a6e-9d1e-0594281549ea;6d43d184-e66e-4d1a-a6d5-38d902985d79;3003cda1-2999-419b-a7e8-94a63e307e51;2026-03-06 21:23:34.395576+00
fe334a40-8520-49bb-a9cc-ea3cfa2e4a7f;8b803b90-3e29-473b-a01c-91b759b0c47e;dd32f668-bbe9-41cb-81ee-f45ef51d090b;2026-03-07 03:46:38.695788+00
0f18100f-a78d-4f38-975f-30156ad1944b;6d43d184-e66e-4d1a-a6d5-38d902985d79;e0b8d233-006e-4a1d-94c7-6e42814c6159;2026-03-07 09:16:45.779803+00
ca08b059-cc6b-411b-b021-aea398c4cfc6;054c253a-b374-42c8-a9de-194f812da508;e0b8d233-006e-4a1d-94c7-6e42814c6159;2026-03-07 09:16:53.2999+00
53e60e41-4f6d-4420-bfb7-6604fb751c0f;38869e6e-18bd-4d65-8f72-522ae82c7813;e0b8d233-006e-4a1d-94c7-6e42814c6159;2026-03-07 09:17:24.10479+00
c057f2f5-4e9b-4135-bcae-39132cde902a;2e9431ac-7af2-4db4-8fd0-80b818ca8f7e;e0b8d233-006e-4a1d-94c7-6e42814c6159;2026-03-07 09:45:41.331957+00
982e5aa5-5780-44ae-9d40-4adcc05f7cf8;59d8fdea-e687-44ef-8bbd-a90275891b98;e0b8d233-006e-4a1d-94c7-6e42814c6159;2026-03-07 09:45:45.288994+00
6f3475fc-630c-4675-8ed2-ba92402e0f16;253967d9-9b0a-4542-9911-2893c5259c56;e0b8d233-006e-4a1d-94c7-6e42814c6159;2026-03-07 09:45:47.933595+00
7de65c0c-3d43-4068-88c9-c42865d8886a;ae880997-9d65-470d-b875-e370fa8ac5ed;e0b8d233-006e-4a1d-94c7-6e42814c6159;2026-03-07 09:45:56.952244+00
d9d0e60b-7ac1-4c69-ad66-3300d155e75b;b8e52c4c-9b7a-466a-a991-09082d5dfcf1;e0b8d233-006e-4a1d-94c7-6e42814c6159;2026-03-07 09:46:07.322882+00
56b6ac5f-64fe-49b8-9806-1b3b35a11fe7;59d8fdea-e687-44ef-8bbd-a90275891b98;98a87aee-c242-4ac4-9a21-4da05bfe3269;2026-03-07 13:22:17.627151+00
793a78bc-e2f0-4fa6-a3eb-c9485bf304cc;95f9c495-364b-4a83-8d1d-0b3fb4b1c1f7;b485b922-0f6f-40d2-9858-5df0d678cdee;2026-03-07 15:39:19.034969+00
643ad41e-53ec-45bf-b03c-9da4b77518c9;331acc02-a381-48f6-87bf-25dcfc50dd0c;3003cda1-2999-419b-a7e8-94a63e307e51;2026-03-07 16:21:04.559368+00
1a3867c1-3e65-4613-b723-67b9eeb43270;331acc02-a381-48f6-87bf-25dcfc50dd0c;268d5a59-2c4f-4de4-a956-25208f84cf5e;2026-03-07 17:16:37.643572+00
9a880a77-92e2-4274-859c-672ec171560c;fae2b8e7-a3d4-4d8d-b72a-0899dd4f2c36;90165c4a-99df-4620-96e4-08054e2b4cb8;2026-03-08 13:03:44.287362+00
78964cac-685f-4ffe-99e0-1c5ef37ba9bb;fae2b8e7-a3d4-4d8d-b72a-0899dd4f2c36;4fa0e096-dc7c-46ef-848e-49b5861e3a5b;2026-03-08 13:03:57.091496+00
5bffdc30-cbf7-455d-9b0c-1c466cea9f85;fae2b8e7-a3d4-4d8d-b72a-0899dd4f2c36;98a87aee-c242-4ac4-9a21-4da05bfe3269;2026-03-08 13:06:24.506169+00
3890a71b-f7cb-4819-bdb1-e2af3ab63d70;fae2b8e7-a3d4-4d8d-b72a-0899dd4f2c36;f8bb547e-b860-4199-8ed7-f6255d483568;2026-03-08 13:07:57.340882+00
efcfa33c-9549-4a58-8c8a-8ec907617842;fae2b8e7-a3d4-4d8d-b72a-0899dd4f2c36;94a4a47c-cefa-4014-ae3f-0f1196f1b639;2026-03-08 17:54:47.282431+00
8899a496-48b6-4576-a6c9-c0be1f40d9cc;484bc3ac-3579-4d68-b0e8-ea8921a378f0;b71c0d6b-3652-4291-ae97-88fd15493bb9;2026-03-12 21:36:48.869278+00
ad5ca906-25b5-49f4-b243-6ebe0b7127e6;fceffe8c-535f-4064-92d7-90dc30b92883;3003cda1-2999-419b-a7e8-94a63e307e51;2026-03-12 22:46:56.59322+00
5063e7bb-9bdf-4364-9186-9b0d6f42fb5d;0ea430f8-7a0b-4593-b29c-f011d5784f00;3003cda1-2999-419b-a7e8-94a63e307e51;2026-03-13 15:20:00.644429+00
7d3fefec-50e1-4fb5-a14a-59ef303c26a1;2055d68b-0c3f-4f48-9af9-fc39cc0f9902;80f7cd6d-8b38-491c-b07e-be44892d39c9;2026-03-13 17:18:39.802019+00
6f4ee583-a556-4767-94e6-edb8105b4283;2055d68b-0c3f-4f48-9af9-fc39cc0f9902;90165c4a-99df-4620-96e4-08054e2b4cb8;2026-03-14 19:31:04.294575+00
be7d213b-7bde-4a31-bac1-fbd3097b1bdd;62fd0803-9b52-4365-9a78-4a7f80fe9b63;3003cda1-2999-419b-a7e8-94a63e307e51;2026-03-16 22:52:41.797186+00
0153ae16-c345-40ed-85db-ecb3837c870b;7330cead-d53d-4163-8f14-35179611134b;b71c0d6b-3652-4291-ae97-88fd15493bb9;2026-03-16 23:08:04.768158+00
1b52c0ef-c9fe-46bc-b629-9a9d6520cfc8;78745991-cb8b-488c-ab6c-3cdc37b926b2;b71c0d6b-3652-4291-ae97-88fd15493bb9;2026-03-16 23:08:17.078103+00
7f11eca5-e2ed-470c-92fb-0362e1aa5a27;a35ee1fc-9411-412f-81b2-333f05328e3d;e0b8d233-006e-4a1d-94c7-6e42814c6159;2026-03-16 23:20:09.524609+00
0b29d5d4-38a0-4aec-89a4-1d15321d3bcc;5199713a-ac45-4cfc-8e59-64e5397c3321;5dfdacd7-546c-4ece-b332-20f726203ccc;2026-03-20 23:39:55.974852+00
756303f2-eb1a-4ce8-9d27-3615a0590369;8b803b90-3e29-473b-a01c-91b759b0c47e;5dfdacd7-546c-4ece-b332-20f726203ccc;2026-03-20 23:42:18.094175+00
7dbba58a-ab54-451a-a592-510349d4334a;e953d940-677c-4bae-af40-d7338730872e;3003cda1-2999-419b-a7e8-94a63e307e51;2026-03-27 16:55:00.063573+00
c32db888-5145-4f0a-9762-e6bf8205a9d5;4b499945-b526-48b7-bf6b-1c9b31319e95;a448f22e-3044-4e46-a6c6-7cc605a47c4c;2026-03-28 22:47:09.451947+00
a00c5520-ea28-436b-ab25-cffc035e6805;e953d940-677c-4bae-af40-d7338730872e;70a05742-c936-4706-8226-6f0f20ea4f84;2026-03-29 18:29:10.979252+00
36c7abf9-d02a-475a-8733-bada3e8df8a8;0ac665bd-6ddd-474d-9fd7-12f2b007b78a;3003cda1-2999-419b-a7e8-94a63e307e51;2026-03-30 06:03:24.918339+00
678ec8db-8919-44b8-99b0-8004d9022e24;0ac665bd-6ddd-474d-9fd7-12f2b007b78a;90165c4a-99df-4620-96e4-08054e2b4cb8;2026-04-02 19:10:10.652438+00
0cf62226-1cd9-44ae-b35e-e16baa3b74f0;d8c1d5c8-1cfa-4d44-8555-c14f7f28f8d7;90165c4a-99df-4620-96e4-08054e2b4cb8;2026-04-03 18:00:45.01409+00
0e059232-a22b-42a1-815c-84144964bc05;3636259b-3bce-4fa9-be96-824844073619;3003cda1-2999-419b-a7e8-94a63e307e51;2026-04-04 18:36:58.521078+00
fc1cc0e9-d216-4b6c-9835-c2e2838aef74;40dc37fe-a9a7-4421-8af6-f6d88031d8bf;3003cda1-2999-419b-a7e8-94a63e307e51;2026-04-04 18:37:03.003522+00
7ee93453-d692-4c04-8690-4b42000f11af;875654c7-5509-4be7-b82e-cb6939b7c55e;3003cda1-2999-419b-a7e8-94a63e307e51;2026-04-04 18:37:04.794012+00
2cd25352-ac9f-4668-a32f-79ac83b44550;e46d0ed3-ba20-49ac-93b8-37a42809c654;3003cda1-2999-419b-a7e8-94a63e307e51;2026-04-04 18:37:15.46936+00
1a74141c-19fe-4b59-bbd1-2b3c6245bfeb;a96f89de-a6c7-4c01-8489-5608b44e5753;3003cda1-2999-419b-a7e8-94a63e307e51;2026-04-04 18:37:17.692614+00
3feb08de-a2b2-479e-8c4c-eb6b1ede48de;7e5170bd-4a3a-4cd4-b44b-07fae0c19b2d;3003cda1-2999-419b-a7e8-94a63e307e51;2026-04-04 18:37:19.865049+00
94f54779-09a3-4eb9-94b4-22f360af6b9d;94beb437-5b8f-40d0-b5d5-dd1a49477cf3;3003cda1-2999-419b-a7e8-94a63e307e51;2026-04-04 18:37:21.894718+00
6cb5f4ff-f6ba-4c3e-8df5-164fe8b12c24;8bb457c8-01a3-4485-a3e5-4ae61195c217;3003cda1-2999-419b-a7e8-94a63e307e51;2026-04-04 18:37:24.550418+00
1814f100-ae0a-4e16-8566-97e964b8723a;6fbee3bf-b810-4981-8656-4f1f269e0b59;3003cda1-2999-419b-a7e8-94a63e307e51;2026-04-04 18:37:26.235515+00
33d9a1f1-eaee-4f9d-9648-4468e9f6633f;e46d0ed3-ba20-49ac-93b8-37a42809c654;d566b45d-cff1-4859-bbd0-a34f9db24ccd;2026-04-05 16:09:18.834566+00
f77a4566-46ed-4763-a018-8efe45648c00;a96f89de-a6c7-4c01-8489-5608b44e5753;d566b45d-cff1-4859-bbd0-a34f9db24ccd;2026-04-05 16:09:24.5412+00
b251597b-a2eb-42a4-bfdc-7e87d719a8c9;7e5170bd-4a3a-4cd4-b44b-07fae0c19b2d;d566b45d-cff1-4859-bbd0-a34f9db24ccd;2026-04-05 16:09:37.024652+00
2d689b77-5997-4587-97c8-a2fb161a47d4;66ecb5f7-0447-4c3c-b568-4891c0bb300f;3003cda1-2999-419b-a7e8-94a63e307e51;2026-04-05 18:12:11.952405+00
e1396c6e-a3bf-4a8f-9733-e9c086a99479;6a870861-2e1d-478c-a92d-4b0549034c8c;3003cda1-2999-419b-a7e8-94a63e307e51;2026-04-05 18:12:20.890998+00
88a9c29b-4629-4a9b-ac67-f36e74da26ae;233166d8-80ae-4249-9ac1-0d4127643538;3003cda1-2999-419b-a7e8-94a63e307e51;2026-04-05 18:12:37.382543+00
220e514a-4c7f-45c7-aa5d-aa27a6a3c8e9;aaa01b10-5da8-4ec2-ae2b-bfed4697a1bb;eeca5c60-ad9a-4532-a9dc-933e09ec0a08;2026-04-05 19:49:51.199157+00
80d96c0d-b682-4c3e-8472-bbb015c1a5b0;e679a951-46a2-488a-8fe4-accbb699d950;d566b45d-cff1-4859-bbd0-a34f9db24ccd;2026-04-05 21:14:13.610267+00
3d863542-45db-4ee5-b8ac-1df3effa6e9e;0cfa6f5d-54b4-4638-965a-16d56f39648c;3003cda1-2999-419b-a7e8-94a63e307e51;2026-04-10 18:31:37.869292+00
d74e3930-dc4b-402a-8e42-837f635a3578;32fa2de5-ec18-41e1-a8b7-3783686d1ae0;3003cda1-2999-419b-a7e8-94a63e307e51;2026-04-10 18:32:20.018678+00
ddf70f5d-0fb8-4a68-8564-bbe647230160;43282e19-dbe6-46fb-95bd-280a97c6247f;3003cda1-2999-419b-a7e8-94a63e307e51;2026-04-10 19:06:52.806937+00
355b8994-9feb-40b3-af16-627537c51963;7012e6b5-c998-46d1-a36e-35078058fb3b;3003cda1-2999-419b-a7e8-94a63e307e51;2026-04-10 21:58:14.863138+00
c5c0bb74-0fc6-40f0-807b-3ca67e0f28f4;1d0f00bd-3256-4280-984e-fb7b7a1ae882;f00f713a-e923-42ba-af3e-52222e17b85f;2026-04-11 22:19:14.020647+00
066490e5-661c-4c8c-932d-69079dbff954;f93f0dab-de4d-4d6a-a0d6-a04038fb7baa;b71c0d6b-3652-4291-ae97-88fd15493bb9;2026-04-13 16:50:18.711252+00
453789d6-56a1-49dc-865a-cbcbb2485496;a4e2c984-8f18-4016-bf7a-8a86df1f9b67;b71c0d6b-3652-4291-ae97-88fd15493bb9;2026-04-13 16:50:32.964262+00
c52ab8f2-4bf9-4827-b97b-a90d517bb253;a4e2c984-8f18-4016-bf7a-8a86df1f9b67;a7f44662-66a9-4b1b-bc47-16128542c50d;2026-04-13 17:04:12.239166+00
fec6aa7f-793b-4582-916a-7cecd6df5911;2d3b094f-fef5-4f24-956b-0b67002d319b;a7f44662-66a9-4b1b-bc47-16128542c50d;2026-04-13 17:04:16.042002+00
e12241a2-b1ad-416f-88d5-3ef83f51500c;6bdb72ad-fa41-4f36-bdcd-512d1f6ab734;a7f44662-66a9-4b1b-bc47-16128542c50d;2026-04-13 17:04:23.542666+00
3cc1bf05-b207-47b4-b4cf-e1dfdf1a896f;f93f0dab-de4d-4d6a-a0d6-a04038fb7baa;b273e5da-3317-44e2-aafe-02d7833aae67;2026-04-16 07:45:41.375351+00
04087462-eb5f-4891-932f-e37faa9d6720;a4e2c984-8f18-4016-bf7a-8a86df1f9b67;b273e5da-3317-44e2-aafe-02d7833aae67;2026-04-16 07:45:52.317491+00
d31474b0-c2be-42a1-a7f3-9b7a755a2dad;6c8b4af6-a793-4bc9-ac9b-f9414e955c97;3003cda1-2999-419b-a7e8-94a63e307e51;2026-04-16 20:29:20.744085+00
4836138d-c226-4512-a319-a5b7cd932589;8dcb6cf9-7d84-44ce-a240-e8efb85cc997;3003cda1-2999-419b-a7e8-94a63e307e51;2026-04-18 17:58:21.659817+00
a65c1ae1-90c1-44fc-95d5-f25aff73ba53;8e2804bf-d345-43aa-bff7-520ef737ca0a;b71c0d6b-3652-4291-ae97-88fd15493bb9;2026-04-18 22:49:48.782028+00
0c58b95a-f888-4030-a997-4a4a2b56a8de;5b3beb09-2eb5-4676-a677-c905c57efad1;3003cda1-2999-419b-a7e8-94a63e307e51;2026-04-21 05:33:52.504881+00
6f72242d-efbb-4eb8-8b7d-742f380ed754;47e903ac-3e37-44c6-8bfb-e700821bd6da;3003cda1-2999-419b-a7e8-94a63e307e51;2026-04-21 05:34:06.488295+00
632da983-d9d1-4f83-af05-4e2edb84fde5;106a09bf-1a6c-4b3c-950b-37d8c5f04263;3003cda1-2999-419b-a7e8-94a63e307e51;2026-04-23 20:26:48.077603+00
ada93a4a-1911-4b5a-9d8c-23105764a14d;3edd750c-365c-4727-84a4-d3476e208769;139190ce-4418-445f-97a7-74b2ab5f522b;2026-04-25 19:10:24.514363+00
77a5a389-c2b0-48fa-817a-526754b7ace4;1aae7a29-6de7-41c8-8eeb-bf20b153077e;b71c0d6b-3652-4291-ae97-88fd15493bb9;2026-04-25 19:15:18.245181+00
746b350a-f155-4ab9-bcfa-6a2912453d79;7150b6c6-dbf6-4ec4-8a6c-a9da3174bb94;3003cda1-2999-419b-a7e8-94a63e307e51;2026-04-26 04:00:20.308344+00
8e7b22ff-1e15-4663-a451-83783bb052f0;94fed840-c77e-40ce-99a0-25705f99784a;3003cda1-2999-419b-a7e8-94a63e307e51;2026-05-03 00:25:49.804693+00
47afe9d9-1592-4796-86af-7ea1d49d4a9b;b8e30355-4d68-464e-9cd5-e494603cb108;3003cda1-2999-419b-a7e8-94a63e307e51;2026-05-08 10:14:07.259337+00
f4417d84-d022-40d3-8538-d41dbb3fc463;69dcee91-aec2-49a1-9746-249bce636754;e0b8d233-006e-4a1d-94c7-6e42814c6159;2026-05-14 15:51:04.601237+00
8f38fa81-5eae-4f19-90df-747f569acfd3;fcb95c14-b4e2-4383-a787-87c96029ce40;e0b8d233-006e-4a1d-94c7-6e42814c6159;2026-05-14 15:51:13.412762+00
8d0a3d0e-8ec7-454f-9de6-d6a3dd76e39c;e6c16433-c142-43bd-bb29-496d318b6262;e0b8d233-006e-4a1d-94c7-6e42814c6159;2026-05-14 15:51:54.404153+00
dddef0d7-fecb-4b69-b2ca-9c49d6ab0e2a;dae8f8fe-045d-46e0-8333-f161f0f4d524;e0b8d233-006e-4a1d-94c7-6e42814c6159;2026-05-14 16:24:54.528229+00
5a90b67c-9362-4751-b6d9-48af9dfd202d;98674850-b826-434d-a289-849fc28fb9f5;e0b8d233-006e-4a1d-94c7-6e42814c6159;2026-05-14 16:49:06.70012+00
9db7e029-637d-4be2-b305-3524875b81e1;688c2454-c338-4b92-98a1-3e1dbb803526;e0b8d233-006e-4a1d-94c7-6e42814c6159;2026-05-14 16:53:00.529864+00
15103dab-702f-4e04-a31a-d8a0fe1a62e1;8a794862-799c-44f6-9f35-cd49ef834af9;e0b8d233-006e-4a1d-94c7-6e42814c6159;2026-05-14 16:53:12.397079+00
ab96871e-fd6f-427b-a585-521b162b1cea;0fbc3521-531d-4083-bad9-85d7ba04fc35;05e05a37-7937-4723-8471-95945b586775;2026-05-14 17:00:38.386567+00
3da461f4-b1cc-4027-83cd-b41df45dbf0a;0fbc3521-531d-4083-bad9-85d7ba04fc35;e0b8d233-006e-4a1d-94c7-6e42814c6159;2026-05-14 17:09:28.856982+00
c1df916e-9c86-48ea-a5a0-e3e0ed09a88b;979c2351-e462-4049-babc-0614f31a78ce;e0b8d233-006e-4a1d-94c7-6e42814c6159;2026-05-14 17:09:42.035349+00
c64ec597-fed2-4e46-b37f-52dca261a139;933cdd4b-745f-4b6f-af5f-838d90bbe102;e0b8d233-006e-4a1d-94c7-6e42814c6159;2026-05-14 17:09:53.863615+00
f3519621-26ef-49df-b993-3b7fc1411c65;504caea8-e10c-41b4-867a-c7816f314a30;e0b8d233-006e-4a1d-94c7-6e42814c6159;2026-05-14 17:10:05.640553+00
b910e621-9d09-41d2-ad3c-47bae4c61cb3;8128ec25-d09e-4784-94b0-1d4f6845531e;e0b8d233-006e-4a1d-94c7-6e42814c6159;2026-05-14 17:10:18.590534+00
a6d2a954-e8f4-4034-9b18-88360d82876e;03cb6c3d-6c9b-4c5e-84f4-c3df6bf51fa8;e0b8d233-006e-4a1d-94c7-6e42814c6159;2026-05-14 17:10:44.796043+00
3c49ffa5-46bc-497f-b431-697c475ef8e2;64e9ad58-f9b4-42c7-adcc-932bbf102c94;e0b8d233-006e-4a1d-94c7-6e42814c6159;2026-05-14 17:10:50.609756+00
4717f959-274a-4ea4-8910-4a913f0c6d90;141afb55-0490-4733-ada9-ddc85334c8ef;e0b8d233-006e-4a1d-94c7-6e42814c6159;2026-05-14 17:11:01.848926+00
726b1e55-d150-47c2-afc5-c6cfcb649bf3;310eb1c8-8278-446a-ac78-08ccde3f2242;e0b8d233-006e-4a1d-94c7-6e42814c6159;2026-05-14 17:11:25.790325+00
13e36a47-2a82-4f9d-bf3c-66fc2367798e;1a81aaea-83c1-47ca-a100-c209554d7f77;e0b8d233-006e-4a1d-94c7-6e42814c6159;2026-05-14 17:11:39.999906+00
cfb5b08e-f592-46d3-9671-96d4c320b38f;9e24c00c-0fab-4f06-923d-5b4d67e2bc0a;e0b8d233-006e-4a1d-94c7-6e42814c6159;2026-05-14 17:11:48.040602+00
b9e2ab54-ab40-49c5-9648-d3bea4c5b7fc;3941edee-dd15-40ee-98ef-4e46074b8f1b;e0b8d233-006e-4a1d-94c7-6e42814c6159;2026-05-14 19:06:25.213413+00
43dec64b-6d50-4ac6-b1d4-a86cb01fa9cd;ca17ee43-e2f5-422e-9bd7-39512ef1f391;e0b8d233-006e-4a1d-94c7-6e42814c6159;2026-05-15 14:23:13.173804+00
a1f837e3-c94e-4844-8389-37263db3ca79;6b039a27-c674-47a5-bc55-1a4bb13a4eae;e0b8d233-006e-4a1d-94c7-6e42814c6159;2026-05-15 14:23:24.623905+00
72be360a-dde2-41d6-bf55-3d43b0c9ef70;7293193c-3124-4872-8c5d-1794a59fbd84;e0b8d233-006e-4a1d-94c7-6e42814c6159;2026-05-15 14:23:32.936419+00
9afb1ef3-9cd4-43fa-ab01-520f87eda38d;4104f4b4-ad6c-44bb-9783-9bee5946f89a;e0b8d233-006e-4a1d-94c7-6e42814c6159;2026-05-15 14:23:39.072962+00
6319624c-2556-4368-9cc6-eecff2a99e2d;ae910469-0364-4fb6-8a6b-c1bfa98bd0d9;e0b8d233-006e-4a1d-94c7-6e42814c6159;2026-05-15 14:24:13.500517+00
3ba60686-998f-4cc6-801d-a34f318269e5;4ad37b1f-2ce6-4e6e-bcac-e7e43117c877;e0b8d233-006e-4a1d-94c7-6e42814c6159;2026-05-15 14:24:27.545035+00
c1dcf7b0-56f3-4486-b6a7-41c0c92f6a4c;7feec76b-e760-4b23-aeb3-d11770283685;e0b8d233-006e-4a1d-94c7-6e42814c6159;2026-05-15 14:24:35.519518+00
cdedf155-3214-4e4f-9b3a-7f5fb2954313;ca17ee43-e2f5-422e-9bd7-39512ef1f391;70925d39-a94b-40ae-99b2-1293b5f50864;2026-05-15 16:11:34.09259+00
9ee3c15e-1623-4ba6-88bf-e56721e40ca2;6b039a27-c674-47a5-bc55-1a4bb13a4eae;70925d39-a94b-40ae-99b2-1293b5f50864;2026-05-15 16:11:47.372418+00
e8681c22-d2de-4bd9-8006-caa5b45bc3cd;3941edee-dd15-40ee-98ef-4e46074b8f1b;70925d39-a94b-40ae-99b2-1293b5f50864;2026-05-15 16:12:14.928913+00
67a713c3-2e09-4d6d-87a0-4236182176f1;f23ba1ac-b297-4da5-bac3-f54be55c3881;e0b8d233-006e-4a1d-94c7-6e42814c6159;2026-05-15 17:19:21.385734+00
5c63eaa1-a27e-455a-984c-3ea352930248;2ec3f0a7-965a-44ca-970a-a2da63bd3711;e0b8d233-006e-4a1d-94c7-6e42814c6159;2026-05-15 19:11:41.972992+00
4b9d5ce2-111a-46ae-8e5e-2077c23a3dce;6a0ed3a6-43ab-414c-841c-3ac8543ff4bc;e0b8d233-006e-4a1d-94c7-6e42814c6159;2026-05-16 11:05:00.767811+00
7b8904ed-bc2e-4618-a875-8b33f6f117fd;441a2d83-ce1a-4b80-be9e-b34dbcbb3ca7;e0b8d233-006e-4a1d-94c7-6e42814c6159;2026-05-16 11:05:05.893463+00