id;performance_id;user_id;created_at;posted;posted_at;error
5f2e70b0-c169-4e91-9742-51baaf601980;50305e27-5182-4716-856e-15afc186a6b9;3003cda1-2999-419b-a7e8-94a63e307e51;2026-03-06 08:30:09.827835+00;false;;
4e5d207c-58ba-403d-bbc4-d8f0b8e49615;cd84955d-85ba-44d4-9473-ad64ac33623d;3003cda1-2999-419b-a7e8-94a63e307e51;2026-03-06 09:35:48.754618+00;false;;
7d87dcfc-d393-47c0-b189-f4cd91a42d2e;19c2c6cb-adfb-4134-a0bf-abdae6642e56;209d1471-2ae3-4971-8351-9ca826a6105f;2026-03-06 20:37:33.616504+00;false;;
a8eaa86a-f6c5-4312-9ebc-67ead7845833;d1473c44-eed4-4189-908e-ca4cd7acc923;209d1471-2ae3-4971-8351-9ca826a6105f;2026-03-07 00:55:30.088818+00;false;;
004487bd-cfc0-43e0-99f0-ffcd951dcda3;e6235076-2161-4666-83d5-605222d98b73;209d1471-2ae3-4971-8351-9ca826a6105f;2026-03-07 00:56:37.739126+00;false;;
215ef94f-8479-4bfa-954e-9956d34ee5b9;fc688f01-247c-4eef-bf16-474e05ff5468;209d1471-2ae3-4971-8351-9ca826a6105f;2026-03-07 00:57:17.39106+00;false;;
98d552fb-d8f2-4e71-921c-91dcd05695dc;20c5c8eb-6ae7-4a96-8085-b5add8d4a48d;8b6fdce6-2a74-428b-a1f6-2df720dc346b;2026-03-07 04:13:08.607667+00;false;;
66e539f9-c60d-47a0-9cb4-a253139e410f;331acc02-a381-48f6-87bf-25dcfc50dd0c;139190ce-4418-445f-97a7-74b2ab5f522b;2026-03-07 16:18:47.208591+00;false;;
6ce7bda2-c56a-4e38-99d7-82aa3685c89e;484bc3ac-3579-4d68-b0e8-ea8921a378f0;22edd5ae-c919-4338-8f2e-34d8016d86ea;2026-03-12 20:33:01.903761+00;false;;
ad323abf-6e14-4ead-95e7-77c343be4b33;23d29105-f4fd-4d2c-b17f-bdd9c379a27f;22edd5ae-c919-4338-8f2e-34d8016d86ea;2026-03-13 10:33:51.964211+00;false;;
282bd282-9205-4e8f-85b4-c1e21fe25cc2;54b567e4-2395-4181-8a65-e4a78a99a415;22edd5ae-c919-4338-8f2e-34d8016d86ea;2026-03-13 10:37:10.235695+00;false;;
34dbeeef-b2f6-4c75-bf74-6f7f32ff91d7;929d6035-3da8-45b4-ab09-55f14375f1fe;22edd5ae-c919-4338-8f2e-34d8016d86ea;2026-03-13 10:39:50.175601+00;false;;
3e25b27a-c987-48a3-a19f-313435ee3050;c365130c-4d8a-444e-8130-36b4a43a0fa6;22edd5ae-c919-4338-8f2e-34d8016d86ea;2026-03-13 10:41:45.43102+00;false;;
5a68d681-ba3d-4286-92ef-1449768ea953;c9496a4d-6f88-4e07-b19e-93f13e6bdd91;22edd5ae-c919-4338-8f2e-34d8016d86ea;2026-03-13 10:52:02.027276+00;false;;
9f3af162-c854-44e9-83f3-c06ef2016977;4aa7c843-566b-49bb-a5a5-cb41476d6fd2;22edd5ae-c919-4338-8f2e-34d8016d86ea;2026-03-13 10:53:03.210717+00;false;;
2fbdd362-059c-4754-b7f9-44f8f1893938;0ea430f8-7a0b-4593-b29c-f011d5784f00;6fb221d6-d7ff-4862-a177-40cb04aefba8;2026-03-13 14:33:56.056851+00;false;;
30faaf13-1e7c-4ebb-99f9-91fea3242a25;74c39e35-9565-4779-a394-03df667dc356;80f7cd6d-8b38-491c-b07e-be44892d39c9;2026-03-13 17:45:03.704314+00;false;;
31dd345d-5083-44c6-bcab-3cb7e7d30319;970f611c-ac76-4f3d-81eb-478f91108610;837f6492-45cc-4ad4-9bfd-ccfff1605904;2026-03-13 21:12:48.402766+00;false;;
33f68ccf-5eb5-41fc-975d-78cb78b0360a;0f8bc434-1d83-47f2-865b-a67a68eb05a7;3003cda1-2999-419b-a7e8-94a63e307e51;2026-03-14 18:30:49.162016+00;false;;
442f55aa-c09b-40f5-a0a9-6904bac305ab;91865f51-95cd-4513-86f7-385a8e132214;139190ce-4418-445f-97a7-74b2ab5f522b;2026-03-15 23:10:00.651295+00;false;;
efb7173c-3fbc-474a-817c-0c9683fbd037;a031cae9-8cb0-4789-b5e5-ad784c05f514;ab47c924-5f30-49e3-9ac8-a157157b1467;2026-03-15 23:11:46.8827+00;false;;
c76c49fa-4303-4b6f-b910-8673f4fb99cf;110bae55-bc58-41d3-9be6-1fc16d714cb3;139190ce-4418-445f-97a7-74b2ab5f522b;2026-03-15 23:23:33.657703+00;false;;
3aa26416-1651-4650-8053-e0e080b8f2d9;ab392bf1-5fe3-46b0-ac65-a669a67e860a;139190ce-4418-445f-97a7-74b2ab5f522b;2026-03-15 23:24:58.854368+00;false;;
0cdee1d2-8f8c-40b1-888d-af921e92aba8;4705eab0-6a90-4722-9c4f-90a2c56fa23c;b71c0d6b-3652-4291-ae97-88fd15493bb9;2026-03-15 23:30:38.324924+00;false;;
11312dfe-678b-4519-a91a-c3baeca06d94;50ba38c6-f37d-41ee-bb65-ebe48747a996;ee1c72a0-e3e4-4d51-bbe9-69343259d8a1;2026-03-15 23:34:48.614512+00;false;;
9cf9d15c-c8e4-4408-9dc3-2556c5ac4a9a;1e94d961-b459-4561-b885-52e29ddaf73b;3003cda1-2999-419b-a7e8-94a63e307e51;2026-03-15 23:36:57.083791+00;false;;
68e1da1f-eca5-4dbd-8343-61dc7a707a57;2bdf663d-e018-44fe-9db3-07cccfb41667;ee1c72a0-e3e4-4d51-bbe9-69343259d8a1;2026-03-15 23:40:45.704138+00;false;;
699104dd-5d55-43c7-9cdc-96b0f8b184fa;ecdcffce-5f34-49db-b34e-04d2e3e60157;ab47c924-5f30-49e3-9ac8-a157157b1467;2026-03-15 23:41:02.400932+00;false;;
56db7e78-a83e-45ce-acaf-a379f8f155f3;21b7b30d-5637-409f-b261-92c120375465;139190ce-4418-445f-97a7-74b2ab5f522b;2026-03-15 23:42:23.432963+00;false;;
c7557327-ff2c-4a42-8759-92f1ba20bbdf;0ed17097-a17f-48ae-b8d6-df4ade1e413e;e0b8d233-006e-4a1d-94c7-6e42814c6159;2026-03-16 20:23:59.811323+00;false;;
dd67af46-8d92-4ed7-bc87-14f6dd81392b;28bcddd6-1b60-4bbd-b4de-81db30e44687;eeca5c60-ad9a-4532-a9dc-933e09ec0a08;2026-03-16 20:26:07.76364+00;false;;
3da2503d-3846-418a-8d84-827d08609486;04e27772-fca8-448f-936c-af63d70c058e;0568be86-f64b-414f-b792-0a01f3ece4ae;2026-03-16 20:38:13.208647+00;false;;
24b55d18-88b3-4772-b227-d50a83b80965;c48a400a-56ff-49ae-9c42-7439c605483c;80f7cd6d-8b38-491c-b07e-be44892d39c9;2026-03-16 20:45:28.261598+00;false;;
8001efc0-aa58-4f76-aeea-0798b8c33c04;0f7743ac-d749-49e0-b2e5-bef05dfb8621;80f7cd6d-8b38-491c-b07e-be44892d39c9;2026-03-16 20:48:53.950115+00;false;;
f4ccafd3-486b-4d4a-935f-647100ad6987;69a60263-d540-48aa-8b14-26cd36c0983e;9a57a60d-887e-4517-845a-7ef3a2906738;2026-03-16 20:51:10.63188+00;false;;
ce3f8f5a-0094-403a-9297-4bcf39e3c4fa;9e7c7c4f-658f-4316-abb0-4937fe2a60f8;bed9dd40-8b19-47a4-8079-8670da707108;2026-03-16 20:52:35.070231+00;false;;
d2b81996-519a-43a0-a6a3-4bb12fa97887;148f5835-a9f5-4302-9fa8-9aeb83243ae6;9a57a60d-887e-4517-845a-7ef3a2906738;2026-03-16 20:53:22.721604+00;false;;
76ffc10c-be55-4992-acdc-a084bfb5654d;479618bc-475e-432c-951a-b16d3339938a;eeca5c60-ad9a-4532-a9dc-933e09ec0a08;2026-03-16 20:53:32.249438+00;false;;
20096666-22cc-49ce-9430-9e360183bc2e;cd04d1b6-8262-4904-b102-1815ae794c39;bed9dd40-8b19-47a4-8079-8670da707108;2026-03-16 20:55:21.185845+00;false;;
e7c7b41e-563f-46e4-92e6-b6b3787cde08;df49cc3f-a77e-4350-a415-be8e81b115f7;9a57a60d-887e-4517-845a-7ef3a2906738;2026-03-16 20:59:59.288635+00;false;;
e491b15d-8fca-4bab-b051-8489de8aef3a;10a6d2d1-df98-4f4b-bf85-b6918fd2f63a;9a57a60d-887e-4517-845a-7ef3a2906738;2026-03-16 21:00:59.681296+00;false;;
d4caaeab-b6d3-4cd6-bfb2-1d2064773eb9;9de92de0-5fdf-4a6a-a722-a63aaecfd605;bed9dd40-8b19-47a4-8079-8670da707108;2026-03-16 21:02:33.435442+00;false;;
a188746b-4d0e-4e7d-a78f-78c7c49678fb;7f3afe20-bcdc-44d3-ba47-493b2c0f4c9e;9a57a60d-887e-4517-845a-7ef3a2906738;2026-03-16 21:08:12.400237+00;false;;
a9457ad2-690e-41c3-a04c-e31e1628f95e;ea9c8024-0d18-48ff-b0ae-c0274c03f6c8;9a57a60d-887e-4517-845a-7ef3a2906738;2026-03-16 21:12:48.443714+00;false;;
2f918453-f742-4526-9aa4-70103a9ccb50;9e64557c-140a-4653-bd11-950621dcb67f;80f7cd6d-8b38-491c-b07e-be44892d39c9;2026-03-16 21:14:17.878528+00;false;;
7968ffd9-f2ae-419d-b9d3-9de98ab53c83;657d86b6-f8ac-4c1d-8ad1-c65ce01e2b7b;9a57a60d-887e-4517-845a-7ef3a2906738;2026-03-16 21:15:32.148632+00;false;;
3e67aa6a-ce96-4279-bab3-b891a44793fb;12a55832-c09b-4fe4-a624-a6d2816d2350;bed9dd40-8b19-47a4-8079-8670da707108;2026-03-16 21:18:52.378547+00;false;;
9dcfd9c3-5c59-48a2-b876-0894b9524b27;0971ff87-005c-457d-968f-734b8e3cdb59;9a57a60d-887e-4517-845a-7ef3a2906738;2026-03-16 21:22:14.833579+00;false;;
c1db5f08-05a2-4f8a-83a4-9110f1f262de;275fd514-4d18-4a15-99c0-45577d7bffef;80f7cd6d-8b38-491c-b07e-be44892d39c9;2026-03-16 21:23:37.379857+00;false;;
6f31401c-b742-4e69-9264-a721e58bf074;b2fab883-4152-4d6b-87ad-1e5c60b045e6;bed9dd40-8b19-47a4-8079-8670da707108;2026-03-16 21:33:11.819501+00;false;;
11e5d8ba-97be-4deb-ba1e-a937151f6650;274b7217-76c4-4eee-bd2e-317da3601a6e;bed9dd40-8b19-47a4-8079-8670da707108;2026-03-16 21:36:01.10592+00;false;;
477352aa-14bb-479f-9619-862627a9f4e9;3ebda7c9-861a-422b-b6e4-41489d95ea4b;bed9dd40-8b19-47a4-8079-8670da707108;2026-03-16 21:37:47.138549+00;false;;
171ac541-cd25-4bb5-9572-1646f3650ab4;cc38fe6c-7752-4cce-8ab2-070249ed8872;9a57a60d-887e-4517-845a-7ef3a2906738;2026-03-16 21:38:51.900956+00;false;;
9332e43c-eee0-473c-87ad-aee5b5c21619;116ce114-fbdb-48c7-a72f-6c10b92cf244;bed9dd40-8b19-47a4-8079-8670da707108;2026-03-16 21:45:47.879192+00;false;;
af8dc04c-4b09-43b3-913e-f1ca7deb2288;bd254934-c027-4008-b2b5-845caf62957a;80f7cd6d-8b38-491c-b07e-be44892d39c9;2026-03-16 21:46:20.216704+00;false;;
90a846ce-92b7-464d-9d7b-2ce9f98ba038;2f06f2b9-3b86-413a-826b-602bc9cfe13f;bed9dd40-8b19-47a4-8079-8670da707108;2026-03-16 21:54:57.334172+00;false;;
8986c739-d07c-4d02-ace5-903a636eea3f;c3ba8396-2a06-4158-b5fd-37ed4bb5c8fa;bed9dd40-8b19-47a4-8079-8670da707108;2026-03-16 21:58:01.500311+00;false;;
7301c813-e9ae-4d40-ac3f-2c4cad58dace;3c0f8cb6-79a1-4e74-bc7b-e0ac092a488a;bed9dd40-8b19-47a4-8079-8670da707108;2026-03-16 22:03:02.368978+00;false;;
fad109f8-85f3-4b19-8b1c-0c87097e89f5;dbd40b0a-ed0f-4d3c-9a4c-36362b6f281c;bed9dd40-8b19-47a4-8079-8670da707108;2026-03-16 22:08:21.248951+00;false;;
435061c3-1ac6-4826-bfbf-1cc77d1a3743;ffc0aa1d-d24e-46eb-a418-091d16a81f7c;bed9dd40-8b19-47a4-8079-8670da707108;2026-03-16 22:12:27.379887+00;false;;
295a18b8-4614-4482-99d7-7a8899b510b4;b04a84d4-bf33-4548-a7c7-2fc13d28fadf;bed9dd40-8b19-47a4-8079-8670da707108;2026-03-16 22:19:56.641229+00;false;;
ea5ebee4-4da1-4818-8511-8e89a7036bdc;911cb072-6eda-4d06-8aa7-aa87e6402f83;ee1c72a0-e3e4-4d51-bbe9-69343259d8a1;2026-03-16 22:21:38.385036+00;false;;
4e4946a1-5898-4c0a-b476-0e855a307865;62fd0803-9b52-4365-9a78-4a7f80fe9b63;9a57a60d-887e-4517-845a-7ef3a2906738;2026-03-16 22:52:13.24166+00;false;;
a0fdae9d-c270-46d0-b61a-ba4b23ceacfa;f61e4b89-dabf-4da1-93cf-d141e1eef9c1;bed9dd40-8b19-47a4-8079-8670da707108;2026-03-16 23:00:02.229951+00;false;;
6a4e531a-7200-4941-b98c-c76ef1c2ceb5;593ad255-bc6e-404c-9950-f4301326c709;bed9dd40-8b19-47a4-8079-8670da707108;2026-03-16 23:10:20.356041+00;false;;
c2442029-ee11-40f9-ab50-02ecec4dd8e5;a35ee1fc-9411-412f-81b2-333f05328e3d;e0b8d233-006e-4a1d-94c7-6e42814c6159;2026-03-16 23:19:11.685637+00;false;;
2c4643d4-361e-415a-9b3a-c7a156b8356d;ab351c2e-8e51-4efa-be24-f70e38b60940;2398d665-6ad8-4dcc-bacd-5e4a1105d663;2026-03-17 02:40:37.84471+00;false;;
f6ad0ce0-4b94-4286-8576-a3f65778ed5f;9e6ac497-37c5-4bdc-8e52-63bb654d0f13;03a3536c-b2d9-49da-8b51-36806ebd0cd0;2026-03-19 19:50:17.834075+00;false;;
0086567e-f87a-4f57-bef2-492c21884fc7;85e0d3f4-8813-4bc3-95be-ae8da8206857;77899a0e-01dc-4d8d-b799-597d918a8612;2026-03-20 17:31:05.925838+00;false;;
70efed73-57e1-47bc-9de3-798987ecb5cb;bb55fcde-e7a9-4f82-a210-46e004b22e8c;2398d665-6ad8-4dcc-bacd-5e4a1105d663;2026-03-20 19:22:13.551836+00;false;;
959c3dee-1ddc-4006-a8ac-cec79e0dd6af;a3ee4999-40d2-4664-84e4-c7a402400fbd;eeca5c60-ad9a-4532-a9dc-933e09ec0a08;2026-03-20 19:23:01.748373+00;false;;
0c836276-e153-4fd4-9118-c973c32c1f77;c0b80ccd-445e-4fd4-975a-681e4e34fa53;98a87aee-c242-4ac4-9a21-4da05bfe3269;2026-03-20 19:26:46.729161+00;false;;
510ec5f9-5604-467e-84eb-c59dc27593b8;238f3ce1-ea1a-4bbd-856e-e20f5a2445a7;eeca5c60-ad9a-4532-a9dc-933e09ec0a08;2026-03-20 19:35:44.086699+00;false;;
00708ede-3ac1-4c2e-a184-8877aabf4492;fe0bc885-7768-480f-9a48-1b0c3b66724c;eeca5c60-ad9a-4532-a9dc-933e09ec0a08;2026-03-20 19:38:22.477055+00;false;;
148131c9-88ad-41f4-916d-f9c8a22f9df4;a1fe29ec-71a2-4aac-8742-ce4d628a1aaf;98a87aee-c242-4ac4-9a21-4da05bfe3269;2026-03-20 19:41:47.507412+00;false;;
3853774d-cdc8-447b-a78f-d32b5121a5e3;ed944441-9c88-4b80-b2fc-1d7f7329722a;90165c4a-99df-4620-96e4-08054e2b4cb8;2026-03-20 19:41:48.547701+00;false;;
5435bf25-2f58-4c14-9819-07362fec5bac;fd456ae0-b2af-415d-a0c6-f7de03e05cd3;eeca5c60-ad9a-4532-a9dc-933e09ec0a08;2026-03-20 19:51:49.665438+00;false;;
4e7c10b9-7e9c-4a63-be42-4dfeaa17c16b;6b635edb-161d-4747-ad85-38da8b7aa371;2398d665-6ad8-4dcc-bacd-5e4a1105d663;2026-03-20 20:25:01.990371+00;false;;
848d0c78-8003-4c83-b85e-2116303ba017;5fe05e4d-8fbb-4ca0-bc25-61d922c4b422;98a87aee-c242-4ac4-9a21-4da05bfe3269;2026-03-20 21:18:05.166532+00;false;;
11dcbfaf-2c9a-4fbe-b682-c288297de25b;843aedaf-7bd7-4a7c-adc9-0d4ac7623b85;90165c4a-99df-4620-96e4-08054e2b4cb8;2026-03-20 21:19:56.100607+00;false;;
0b017986-8e9d-4cb3-957a-759d91f5d6be;7e35c040-e9de-43b9-b24a-1459c243d841;5dfdacd7-546c-4ece-b332-20f726203ccc;2026-03-20 23:33:50.655866+00;false;;
46d64299-718f-49aa-a427-8a1f062af4b4;5199713a-ac45-4cfc-8e59-64e5397c3321;5dfdacd7-546c-4ece-b332-20f726203ccc;2026-03-20 23:39:23.867051+00;false;;
1d044ad6-c701-4bfc-baa6-f9b8dc64b837;23640801-9e5c-4042-97c1-861d5c018ea4;98a87aee-c242-4ac4-9a21-4da05bfe3269;2026-03-21 00:07:45.629937+00;false;;
1c112adc-3423-46ae-99a7-c2cfcd77bc40;a7813682-2870-47bd-9397-0d2b2d4780e5;90165c4a-99df-4620-96e4-08054e2b4cb8;2026-03-28 22:54:32.312325+00;false;;
69287ed9-b58a-45b5-9fb6-0c3566122786;0ac665bd-6ddd-474d-9fd7-12f2b007b78a;98a87aee-c242-4ac4-9a21-4da05bfe3269;2026-03-28 22:54:52.450889+00;false;;
a25d86b9-7a46-46e8-9b2c-b5e85c923b5f;53fd824e-adac-4611-8d69-47c0603bdb1f;98a87aee-c242-4ac4-9a21-4da05bfe3269;2026-04-03 20:17:43.254387+00;false;;
d7b5cf6b-4f81-4af2-bd47-757a31a211c8;9437e37d-7cdc-4b7f-9ad5-63fd230e0e1e;90165c4a-99df-4620-96e4-08054e2b4cb8;2026-04-03 20:29:38.360268+00;false;;
11ac3d3a-2145-4c24-abd9-eb7f1e393ba4;5b7e364f-5143-45b4-b0be-c562115055e1;98a87aee-c242-4ac4-9a21-4da05bfe3269;2026-04-03 21:20:58.982574+00;false;;
6ac3e517-9699-4a8f-98d5-54856f32a950;8bb457c8-01a3-4485-a3e5-4ae61195c217;90165c4a-99df-4620-96e4-08054e2b4cb8;2026-04-03 21:24:52.356889+00;false;;
d2786838-3d2b-4b73-a3e2-56c0bb29b7c3;94beb437-5b8f-40d0-b5d5-dd1a49477cf3;98a87aee-c242-4ac4-9a21-4da05bfe3269;2026-04-03 21:26:59.824823+00;false;;
b294d1f0-e406-444b-bace-14f2aad54700;7e5170bd-4a3a-4cd4-b44b-07fae0c19b2d;60675e0a-28e0-4257-82c6-014894b16b72;2026-04-04 18:14:33.003272+00;false;;
58b8be06-378d-4713-9c1b-bd1150f68d1b;a96f89de-a6c7-4c01-8489-5608b44e5753;92a06822-546f-4ec8-9541-52913e0989d5;2026-04-04 18:16:45.80885+00;false;;
46e8276e-bca2-4333-9f59-afbb8e578de6;e46d0ed3-ba20-49ac-93b8-37a42809c654;7cbc4414-a10b-492e-80de-794173ef0d47;2026-04-04 18:18:00.313683+00;false;;
3364dd2b-059d-484c-994e-e1c2e8955d6f;3636259b-3bce-4fa9-be96-824844073619;d566b45d-cff1-4859-bbd0-a34f9db24ccd;2026-04-04 18:28:58.018111+00;false;;
1a86aa0b-b540-4a3a-86e5-071455f993c5;32fa2de5-ec18-41e1-a8b7-3783686d1ae0;54bb5c69-bcb6-450f-8fd2-cd0cd2b13f55;2026-04-05 15:10:58.051342+00;false;;
b9c9b648-da78-470d-8325-7750b0eb5520;758b940d-6a7f-4894-9f84-b8b98586380f;139190ce-4418-445f-97a7-74b2ab5f522b;2026-04-05 15:11:59.3933+00;false;;
9f27b07e-e6ba-4512-8dbe-55a37a0617d6;b4102b94-533d-4642-a82e-3b9def5da567;ee1c72a0-e3e4-4d51-bbe9-69343259d8a1;2026-04-05 15:42:51.063072+00;false;;
b82caa7d-0a3c-450e-bd08-72a00b6174df;6a870861-2e1d-478c-a92d-4b0549034c8c;d566b45d-cff1-4859-bbd0-a34f9db24ccd;2026-04-05 18:11:08.774657+00;false;;
09ca8ab4-f327-47cb-9bb4-79f66b720251;66ecb5f7-0447-4c3c-b568-4891c0bb300f;d566b45d-cff1-4859-bbd0-a34f9db24ccd;2026-04-05 18:12:05.390499+00;false;;
2cba9dbe-0589-4b2e-a3c0-65af24d45254;9407b6b8-93b8-47d5-8d4d-144f3cdf1570;ee1c72a0-e3e4-4d51-bbe9-69343259d8a1;2026-04-05 18:30:11.758542+00;false;;
a9e1c402-7efb-470a-bfd2-c1055c452b7e;befcc14b-13a6-496c-ae26-7947d850fd7c;b71c0d6b-3652-4291-ae97-88fd15493bb9;2026-04-05 18:33:05.379176+00;false;;
271479e8-012f-4a31-997a-664eef223cf5;08436608-56da-446d-ae38-cb1116edf533;6199be27-251b-44a6-87d7-262a5101361f;2026-04-05 19:39:03.825807+00;false;;
407dc943-c3b8-4124-ab37-c2475f6b8a81;f830c28d-f356-4d05-a242-1bdbbe3dcea5;eeca5c60-ad9a-4532-a9dc-933e09ec0a08;2026-04-05 19:49:23.177687+00;false;;
3a2cce80-15b0-43a4-852e-b1b3b981a157;db8a79cd-34c5-4e33-81b7-361d4bf709c0;eeca5c60-ad9a-4532-a9dc-933e09ec0a08;2026-04-05 20:30:12.975232+00;false;;
87abba5b-4471-4237-9505-7a84c0876ff9;0cfa6f5d-54b4-4638-965a-16d56f39648c;2398d665-6ad8-4dcc-bacd-5e4a1105d663;2026-04-10 18:31:26.733106+00;false;;
612ad308-c520-4959-9ae2-833b410b71dc;5751e5eb-8e23-4754-be87-86db438fb1d1;3003cda1-2999-419b-a7e8-94a63e307e51;2026-04-10 18:33:47.125089+00;false;;
1cb23fd4-76b3-4a55-9449-cdbe5fb800cc;a9458fe9-fddc-4037-9394-84b18df5fceb;2398d665-6ad8-4dcc-bacd-5e4a1105d663;2026-04-10 18:53:47.46851+00;false;;
1a5e1646-d048-4a2f-9c8a-d4afb3d2d3a5;f0867a3d-3ba7-4bd7-8343-fe34de2baaa4;2398d665-6ad8-4dcc-bacd-5e4a1105d663;2026-04-10 19:02:29.313752+00;false;;
90a15c52-4c99-4f8b-8fca-45d8ddd02f65;43282e19-dbe6-46fb-95bd-280a97c6247f;3003cda1-2999-419b-a7e8-94a63e307e51;2026-04-10 19:05:09.240055+00;false;;
b6bffe69-ac00-400c-824b-f2c12aa54caa;d7604189-26ca-404f-b726-cbd1a1008bc6;bed9dd40-8b19-47a4-8079-8670da707108;2026-04-10 20:56:42.528311+00;false;;
e72d8e55-417a-47d4-b42c-40244152f040;ffa80f60-9308-4c1b-af3f-38f9b0bbb84e;bed9dd40-8b19-47a4-8079-8670da707108;2026-04-10 20:58:46.429944+00;false;;
c923aa59-11f6-4337-ad56-7a7ef98afd23;cf183935-b7a0-46e5-a4db-f46d3cb08994;8b6fdce6-2a74-428b-a1f6-2df720dc346b;2026-04-10 21:10:39.430743+00;false;;
c322ad96-0e90-4116-b667-0c340f180481;fb77c8fc-0a20-49d1-9ec4-2d71a56a801d;90165c4a-99df-4620-96e4-08054e2b4cb8;2026-04-11 22:02:18.388687+00;false;;
8d2ab04b-70dc-49c9-857d-4dddd5b58f5c;8f44f129-2366-4546-a47d-e5b489e91f75;90165c4a-99df-4620-96e4-08054e2b4cb8;2026-04-11 22:03:54.742287+00;false;;
354847f9-87fb-4d4d-aa6e-de6bd87d8737;67b3cf52-c9d6-47c4-8df6-c80915bd509a;90165c4a-99df-4620-96e4-08054e2b4cb8;2026-04-11 22:08:16.449739+00;false;;
42b42cb2-0d6a-4f08-b932-4645d03a66b2;ebeabedb-ac4f-4598-802e-09294a90eeca;a7f44662-66a9-4b1b-bc47-16128542c50d;2026-04-11 22:10:44.516003+00;false;;
91e18c92-4c48-42fa-8af6-73eb763d7e11;1d0f00bd-3256-4280-984e-fb7b7a1ae882;f00f713a-e923-42ba-af3e-52222e17b85f;2026-04-11 22:11:33.651998+00;false;;
c9dcb01d-3aa5-436a-8398-202657710e12;15706730-1b2c-4cd6-98b7-4bcb4e76cb6a;f00f713a-e923-42ba-af3e-52222e17b85f;2026-04-11 22:27:18.341435+00;false;;
a95b42a3-9221-4e14-8102-6cec05a22c72;2d3b094f-fef5-4f24-956b-0b67002d319b;d566b45d-cff1-4859-bbd0-a34f9db24ccd;2026-04-11 22:38:18.309504+00;false;;
e6b01c1b-9f11-4edd-9745-8becd8ff2d36;a4e2c984-8f18-4016-bf7a-8a86df1f9b67;f00f713a-e923-42ba-af3e-52222e17b85f;2026-04-11 22:41:41.472737+00;false;;
5796b3ce-5a8c-455f-8ecd-4b401db13332;6b25ddc4-0e38-4f6a-af2b-c6e05c419cb8;bcb892a8-e8f9-44bf-915d-edf4a8fcefcd;2026-04-15 21:55:00.502201+00;false;;
45c838da-ef95-4f3f-aaa3-b33f41a03a41;a0cfd1f9-2333-497b-8623-95abe214ff65;0e81527e-c276-499f-b29e-bed0eddd8b49;2026-04-17 22:41:49.869006+00;false;;
897dc801-0d7e-4ce4-b037-fad233ba9ec4;7695d7e3-2d2e-4e39-b136-1a0ba8ff26a8;139190ce-4418-445f-97a7-74b2ab5f522b;2026-04-18 11:54:44.828475+00;false;;
00dde14c-b94e-4da7-b618-8e49247aadeb;ee8d3926-b4ba-4ec5-9c72-474fc247a6f4;ab47c924-5f30-49e3-9ac8-a157157b1467;2026-04-18 11:57:10.665068+00;false;;
a6b571d0-ddf9-41c3-93b2-2fc2d089adc6;1df737de-6529-418f-afce-af9661c3fdfe;7cbc4414-a10b-492e-80de-794173ef0d47;2026-04-18 16:03:05.034287+00;false;;
17a3bcf9-1626-4bda-ab6a-573b376becda;7173f2c5-c33a-47d2-84e8-6270a2961c4b;a7f44662-66a9-4b1b-bc47-16128542c50d;2026-04-18 16:06:04.406525+00;false;;
1a3f6fd9-abcb-4101-80ca-2fa31bfe4980;6f1b5e97-cbbe-4d83-ac35-e0f75d340513;a7f44662-66a9-4b1b-bc47-16128542c50d;2026-04-18 16:09:17.318416+00;false;;
ab813600-8d34-49e7-a434-0f8662d0a532;5c5294ec-2a50-48c4-9ac0-ab9a6171d2b5;a7f44662-66a9-4b1b-bc47-16128542c50d;2026-04-18 16:25:36.523268+00;false;;
a087fe7f-6904-4d33-b11a-87afc7823004;688e8079-666e-4219-ae60-291ed0d34f23;a7f44662-66a9-4b1b-bc47-16128542c50d;2026-04-18 16:28:58.298355+00;false;;
39f96805-f534-4f8c-ae9a-d6e306203546;d8abd84b-6613-4d25-8fca-c15491ec6f36;7cbc4414-a10b-492e-80de-794173ef0d47;2026-04-18 17:01:43.3077+00;false;;
df9889dd-7b71-4e91-95a1-c430f644e35f;e9fe85f8-a3cc-4a71-ac91-c6da7d8a9b6d;e0b8d233-006e-4a1d-94c7-6e42814c6159;2026-04-18 17:06:26.216065+00;false;;
f938d632-1322-4f74-834c-03765381af6f;8dcb6cf9-7d84-44ce-a240-e8efb85cc997;ab47c924-5f30-49e3-9ac8-a157157b1467;2026-04-18 17:07:08.423685+00;false;;
caa11523-ac41-4191-9d7c-c7dfb04d4c9d;0a3f515b-7775-4a15-8227-42d7a1b39c84;41f3da0b-fedc-48de-8421-968cb7a2d28a;2026-04-18 17:08:23.925813+00;false;;
d4384a3e-811e-42c2-ad4e-71d3f9ac0ad5;a5025eb2-0082-43f3-aeb4-d28f4878f9d0;bed9dd40-8b19-47a4-8079-8670da707108;2026-04-18 17:09:59.698746+00;false;;
d4932a51-e335-469c-acfb-36101113dbdf;5091dd0e-230d-4b6d-b338-7f998d03a5af;b71c0d6b-3652-4291-ae97-88fd15493bb9;2026-04-18 17:12:57.998376+00;false;;
13bf527d-1a28-4554-8ce3-5c3b5cb93096;ec5b77f8-92f6-45bf-ac26-15fc6913f7eb;bed9dd40-8b19-47a4-8079-8670da707108;2026-04-18 17:20:57.668222+00;false;;
d7fa0b5c-4c04-4749-9f67-91c1323b2b94;b30029cd-a4f7-4704-8ed0-d1146baf625a;ee1c72a0-e3e4-4d51-bbe9-69343259d8a1;2026-04-18 17:27:11.71697+00;false;;
ebbe7ac1-d6bb-427f-b397-c6503471827a;b82d5cec-b93e-4855-be37-9450948f5416;eeca5c60-ad9a-4532-a9dc-933e09ec0a08;2026-04-23 18:27:50.692096+00;false;;
23427b69-2f35-441b-b2b9-ba1149af1792;106a09bf-1a6c-4b3c-950b-37d8c5f04263;eeca5c60-ad9a-4532-a9dc-933e09ec0a08;2026-04-23 20:21:13.111672+00;false;;
7435e66d-79fb-4d30-8a4e-d69e60b66c31;8fcd066d-44a0-4cb6-b6f2-0b19833cde39;eeca5c60-ad9a-4532-a9dc-933e09ec0a08;2026-04-23 21:16:02.143138+00;false;;
bf7a3969-47ef-4903-99ea-131edcb21220;2f7ca109-fb5c-49bd-9b91-6f6c339eb729;eeca5c60-ad9a-4532-a9dc-933e09ec0a08;2026-04-23 21:19:58.251128+00;false;;
1719c813-5fd6-432f-b9ff-065cc8478258;1aae7a29-6de7-41c8-8eeb-bf20b153077e;eeca5c60-ad9a-4532-a9dc-933e09ec0a08;2026-04-25 19:12:45.254338+00;false;;
60a626ca-f6f7-4a33-a865-4a9f676e399a;2d9a084a-eac1-4b28-9baf-fb8c4b198c1b;fcd44935-f361-4f34-8304-7bfd1e787833;2026-04-30 19:11:09.285291+00;false;;
047ac596-171b-4d56-b57d-c0ee94443641;10916abf-451b-4791-acce-a1a92b9451fa;fcd44935-f361-4f34-8304-7bfd1e787833;2026-04-30 19:20:51.903271+00;false;;
8ff64015-7b3c-4e51-8025-94c2e22bf0f3;7102ed7f-f659-4425-91a3-c3cf67f81dd6;e0b8d233-006e-4a1d-94c7-6e42814c6159;2026-04-30 20:08:53.938394+00;false;;
006eb897-b2c1-49dd-908e-5bec607240db;76055038-0f40-44c4-8bc3-c2240149dd95;e48b22d0-d1ba-46c2-8096-45449c1b5cad;2026-04-30 20:30:25.307167+00;false;;
21473462-8490-4925-8e41-4e48ee5f2ffd;81e8bd49-ed1f-42e5-9eda-be1e1258ba0f;eeca5c60-ad9a-4532-a9dc-933e09ec0a08;2026-05-02 14:31:40.437596+00;false;;
6100182e-d12c-40a6-9d55-33bc43aaabf3;38d13b34-f0e5-40c5-9a24-55ca7b03f445;139190ce-4418-445f-97a7-74b2ab5f522b;2026-05-02 19:53:27.134702+00;false;;
21bce722-78ee-4859-8bd5-5675b16917f8;7c3f78f8-22ac-441b-982c-864a20f1c843;eeca5c60-ad9a-4532-a9dc-933e09ec0a08;2026-05-07 16:50:55.190933+00;false;;
19fbcd1e-31af-48c7-af1d-7fc6174e5d03;feca73c0-6ab5-4956-9d47-3f61c397e5ba;2398d665-6ad8-4dcc-bacd-5e4a1105d663;2026-05-07 16:53:30.377569+00;false;;
8a3ddfd2-9ed4-46ba-a67f-68263d92a778;0874c153-e7d8-475e-a3aa-bb16ff93d75c;2398d665-6ad8-4dcc-bacd-5e4a1105d663;2026-05-07 17:11:49.151138+00;false;;
b6dfb052-dfa5-4cbf-a493-24125e0fac91;9f88fc94-46a3-410b-b17d-07d735da0263;eeca5c60-ad9a-4532-a9dc-933e09ec0a08;2026-05-07 17:17:31.052682+00;false;;
1796cb19-2861-4a80-b671-68f5c8533bbe;5067b5a2-40e0-4a68-9932-2cd48ed84775;0df58726-30cf-4eee-aa62-c5a674eccce4;2026-05-08 00:05:00.634645+00;false;;
7ee4638d-6ba5-4fbe-a588-3fb86e17622e;b8e30355-4d68-464e-9cd5-e494603cb108;0df58726-30cf-4eee-aa62-c5a674eccce4;2026-05-08 00:51:35.174771+00;false;;
f867e073-6d59-4a08-909e-051abe7ddb84;988a199a-1921-48d6-9e53-24bf5b663734;2398d665-6ad8-4dcc-bacd-5e4a1105d663;2026-05-12 18:36:53.477044+00;false;;
8fd6494b-5918-4d04-8474-1edc2751aa15;69dcee91-aec2-49a1-9746-249bce636754;e9b7ad4a-4445-489e-bcc8-90e92a919699;2026-05-12 18:41:48.813021+00;false;;
9f1c74c9-8250-4130-9ab1-35b83107f4e9;e53edbd8-3739-44a2-8e64-7f8dfee2727d;2398d665-6ad8-4dcc-bacd-5e4a1105d663;2026-05-12 18:50:11.076553+00;false;;
849385d6-db1f-426f-8990-44ff09d5bfad;0ed02259-22c3-4dd6-a6af-a86fe2ecf03c;2398d665-6ad8-4dcc-bacd-5e4a1105d663;2026-05-12 18:55:13.418465+00;false;;
66485bd8-40e7-4bb2-a48a-bac2676692ba;e2c7913e-255b-4802-a5fd-01a8270d9279;2398d665-6ad8-4dcc-bacd-5e4a1105d663;2026-05-12 19:19:47.833041+00;false;;
be5d2cbc-f330-4b12-933c-886da5e18657;15db5be3-5d5f-4f67-9882-a5e7984f1957;2398d665-6ad8-4dcc-bacd-5e4a1105d663;2026-05-12 19:23:41.572485+00;false;;
f89a46bd-5cdd-408a-b49f-72f089098a28;7d98109b-7170-4d1d-8500-869c0dd4a79f;90165c4a-99df-4620-96e4-08054e2b4cb8;2026-05-13 22:30:32.924648+00;false;;
6c289a57-5c77-425f-8cc1-a82e2dd344a0;dae8f8fe-045d-46e0-8333-f161f0f4d524;e0b8d233-006e-4a1d-94c7-6e42814c6159;2026-05-14 15:48:06.898603+00;false;;
dc2fa05a-e71e-4821-be02-5000dac18324;9e24c00c-0fab-4f06-923d-5b4d67e2bc0a;9605ab0f-c6dd-4f11-9ca7-0b154a2ede70;2026-05-14 15:49:13.047967+00;false;;
3ba54a52-9c0f-43f4-9b0f-0c08d3892878;310eb1c8-8278-446a-ac78-08ccde3f2242;3c304ea9-4677-419b-b857-81ab751429e7;2026-05-14 15:57:29.829892+00;false;;
79264661-a14e-485d-a83f-2e3551151617;141afb55-0490-4733-ada9-ddc85334c8ef;0568be86-f64b-414f-b792-0a01f3ece4ae;2026-05-14 16:18:34.188693+00;false;;
cff0b786-9b16-4af0-9f17-c7d9aa55d1e7;64e9ad58-f9b4-42c7-adcc-932bbf102c94;0568be86-f64b-414f-b792-0a01f3ece4ae;2026-05-14 16:35:40.357467+00;false;;
09b74804-d4e6-41d3-97cc-45a9a4385ad3;504caea8-e10c-41b4-867a-c7816f314a30;70925d39-a94b-40ae-99b2-1293b5f50864;2026-05-14 16:46:11.829875+00;false;;
03e6cf8c-d0ed-4e62-af4c-ed8bb8433b3d;98674850-b826-434d-a289-849fc28fb9f5;e0b8d233-006e-4a1d-94c7-6e42814c6159;2026-05-14 16:46:47.771251+00;false;;
977e2b13-1bd5-4838-8afc-47d9a13e32d4;933cdd4b-745f-4b6f-af5f-838d90bbe102;9605ab0f-c6dd-4f11-9ca7-0b154a2ede70;2026-05-14 16:48:22.346266+00;false;;
a3e1b775-6039-44c5-a458-33df89a56a3c;89eb1ae4-8ca8-4a3c-a03e-cd23a27f0625;0568be86-f64b-414f-b792-0a01f3ece4ae;2026-05-14 18:21:48.742443+00;false;;
303f1574-f7e9-4135-8b2b-8aac675f081f;cd43c44f-6ad2-4e17-a55b-37e9b6bb2d93;9605ab0f-c6dd-4f11-9ca7-0b154a2ede70;2026-05-14 18:26:16.171369+00;false;;
e4d7da34-7585-43a6-9a34-5ea284bb2de1;bb27b681-dc2c-4010-b864-052ea404e7e2;e0b8d233-006e-4a1d-94c7-6e42814c6159;2026-05-14 18:51:32.750133+00;false;;
d47c8d51-9a71-4312-b9a9-2ea97fbc1fa8;540057ae-ab6a-4a65-bd24-6371a9cf18be;0568be86-f64b-414f-b792-0a01f3ece4ae;2026-05-14 19:01:07.588768+00;false;;
d4d01102-5b60-4e87-beba-01dd4ec2f0a6;8128ec25-d09e-4784-94b0-1d4f6845531e;80f7cd6d-8b38-491c-b07e-be44892d39c9;2026-05-14 19:04:08.113145+00;false;;
6c9ff6d4-7e5d-4cb5-858b-37f2332abdcd;4ad37b1f-2ce6-4e6e-bcac-e7e43117c877;80f7cd6d-8b38-491c-b07e-be44892d39c9;2026-05-14 19:05:55.468085+00;false;;
5698255b-9427-44e0-a709-5341350a6640;ae910469-0364-4fb6-8a6b-c1bfa98bd0d9;05e05a37-7937-4723-8471-95945b586775;2026-05-14 19:06:08.786386+00;false;;
459dec3c-31de-4f86-9dd3-fc7d96edf8f0;3941edee-dd15-40ee-98ef-4e46074b8f1b;e0b8d233-006e-4a1d-94c7-6e42814c6159;2026-05-14 19:06:11.472887+00;false;;
3df7245b-32b2-4e22-8d20-5a90c50d2a28;2cea14a9-62e3-4367-bc18-c905d01866fb;9605ab0f-c6dd-4f11-9ca7-0b154a2ede70;2026-05-14 19:09:18.902622+00;false;;
2cb6f9db-f5c9-4a67-a1f4-26b0463d8546;4104f4b4-ad6c-44bb-9783-9bee5946f89a;9605ab0f-c6dd-4f11-9ca7-0b154a2ede70;2026-05-14 19:13:04.273641+00;false;;
11c79e60-e399-48a2-97d4-c50496d5b635;7293193c-3124-4872-8c5d-1794a59fbd84;9605ab0f-c6dd-4f11-9ca7-0b154a2ede70;2026-05-14 19:17:47.181089+00;false;;
3297a5d9-5f2f-422b-918e-06359d8acabb;6b039a27-c674-47a5-bc55-1a4bb13a4eae;80f7cd6d-8b38-491c-b07e-be44892d39c9;2026-05-14 19:29:01.732431+00;false;;
3a3b1031-bc6a-4988-987c-95c1e72bcef4;ca17ee43-e2f5-422e-9bd7-39512ef1f391;9605ab0f-c6dd-4f11-9ca7-0b154a2ede70;2026-05-14 22:09:43.082712+00;false;;
4106750d-4257-4dc6-8ed6-071fcfc3c3c6;0ac33662-fd28-4410-905e-31f1b2a204e7;80f7cd6d-8b38-491c-b07e-be44892d39c9;2026-05-15 13:34:36.043804+00;false;;
9278ace1-d998-4b34-84e3-8f8ab5b2216a;9325836a-fd35-4c6d-8a23-ed8e9eee3c5a;80f7cd6d-8b38-491c-b07e-be44892d39c9;2026-05-15 15:46:23.814042+00;false;;
2a7555e4-be89-4f82-a7ec-1404fd31b8ee;37c17632-a9e5-445e-88a8-cf86cfe9deb3;9605ab0f-c6dd-4f11-9ca7-0b154a2ede70;2026-05-15 16:18:59.275671+00;false;;
c0e26d67-f795-4a72-a6f6-6757a0f00541;f23ba1ac-b297-4da5-bac3-f54be55c3881;e0b8d233-006e-4a1d-94c7-6e42814c6159;2026-05-15 17:18:20.128481+00;false;;
3d34c02f-e39d-444f-bd72-f85cb544db12;23169863-ed3c-42cd-ab7b-29d66ee7e46a;9605ab0f-c6dd-4f11-9ca7-0b154a2ede70;2026-05-15 17:26:54.051236+00;false;;
5c49e1d6-e36f-475d-9437-d6c428d82856;5f46ca36-515b-4e42-8aca-de03ccae6aa5;e0b8d233-006e-4a1d-94c7-6e42814c6159;2026-05-15 17:27:00.709574+00;false;;
370fa20e-0b68-43f9-8ad6-c082c5925129;b42e0bee-9d0c-46e7-8d35-d2b78785c56a;9605ab0f-c6dd-4f11-9ca7-0b154a2ede70;2026-05-15 17:32:13.118555+00;false;;
41136101-b77c-4acb-bceb-79f2c38bf34f;89f2e647-11fb-4e7d-a8a5-ffcce32c1dbd;9605ab0f-c6dd-4f11-9ca7-0b154a2ede70;2026-05-15 17:35:08.904457+00;false;;
b00dac64-4b4a-4b2d-ae81-75fde97b05ef;27fe67fd-c44e-4d39-975e-ded6acc0309e;9605ab0f-c6dd-4f11-9ca7-0b154a2ede70;2026-05-15 17:50:12.593433+00;false;;
bb5dc4f4-f799-43a6-8f9a-92885e849d9c;9ac79170-fa8d-4b24-ac8b-25c90d6d6128;9605ab0f-c6dd-4f11-9ca7-0b154a2ede70;2026-05-15 17:56:15.858698+00;false;;
e038b79e-023b-41fe-a83f-91d63b56e8ec;440de4a3-1b96-4262-96fe-17d1646ee497;e0b8d233-006e-4a1d-94c7-6e42814c6159;2026-05-15 18:01:03.275409+00;false;;
70062151-849d-4f91-9dab-16643837abd1;6a0ed3a6-43ab-414c-841c-3ac8543ff4bc;88b3db54-483e-4a73-aca5-6913ac7e9e11;2026-05-15 19:51:12.352343+00;false;;